,Keys,SRR10384085.fastq,SRR10384086.fastq
0,TTCTTAAAGGTGTCCAGGG,88,105
1,GAAGTCAGACATGGACCTG,52,66
2,GGCCTGAAGAGCAACTCAG,62,66
3,GAGAGTGAAGGCATCCACG,90,90
4,GCCCTCCTTACGCAGGTAG,127,143
5,TTCATTGGCCCCAAAGCTG,90,113
6,CTTTTCCCAGGAGCACCGA,87,98
7,CTAACATTGTCCTCTCAGG,83,105
8,TGCATGGAGATGAAAAGAG,52,60
9,ATCTTCTTGGGCTGCGCAG,108,146
10,TCAAACACACTCCACCAGG,85,95
11,TGGCACTAAGTTTGACCGG,119,147
12,GTCGGCTAAATCCATCCTG,70,100
13,GTATCATTGAAATCAAGGG,16,14
14,CATGGCCACTACCAAGCGA,69,108
15,GAATTGGAAACAGAAGAAG,37,44
16,GTGGAAGATGAAGACACCG,56,85
17,TTTAAACACATCTTGAAGG,45,60
18,TGGAGACTACAAACCACAG,63,45
19,GAGATGCGTCGTAAAGCAA,65,91
20,CAGCGGTCTGCACAAAAGC,63,44
21,AAAAGATAACATTAACCTG,37,71
22,TTGATGCCAAAAATAAGAG,36,26
23,GAAAATGAAGATAAGAAAG,45,50
24,AAGTTTTAAAGCCTTGCTG,71,82
25,AGCCATTTCCACTCTCCGA,67,94
26,GCAGCTCTGCAGTATCTGG,73,84
27,CTTTTGTTCAGATACCTGG,57,56
28,CGGATAGTCAGCCGACCAG,129,113
